filename,filepath,parse_success,error,title,composer,num_parts,num_measures,actual_measures,num_notes,num_chords,num_rest,num_accidentals,accidental_ratio,pitch_min,pitch_max,pitch_range_semitones,num_large_leaps,large_leap_ratio,max_large_leap_semitones,max_polyphony,duration_quarter_lengths,note_density,chord_ratio,tempo_bpm,time_signatures,key_signature_sharps,no_key_signature,right_hand_single_notes,right_hand_chords,left_hand_single_notes,left_hand_chords,left_hand_melody_range_semitones,left_hand_is_melody,selected
Adolgard_Anthem__Neyliece__m036-043__c000952.musicxml,Candidate\Adolgard_Anthem__Neyliece__m036-043__c000952.musicxml,TRUE,,Ottoman Ballad ,Neyliece,2,16,8,67,5,7,0,0,B2,E5,29,1,0.019607843,12,4,32,2.09375,0.087719298,,4月4日,0,TRUE,52,0,0,5,0,FALSE,TRUE
Alabaster__NA__m034-041__c003691.musicxml,Candidate\Alabaster__NA__m034-041__c003691.musicxml,TRUE,,2020 - piano 1.27,,2,16,8,81,9,3,5,0.061728395,A1,D5,41,2,0.032786885,11,2,32,2.53125,0.125,,4月4日,0,TRUE,32,9,31,0,27,FALSE,TRUE
All_Falls_Down__Alan_Walker__m016-023__c002383.musicxml,Candidate\All_Falls_Down__Alan_Walker__m016-023__c002383.musicxml,TRUE,,All Falls Down,Alan Walker,2,16,8,63,5,5,0,0,F2,E4,23,2,0.039215686,11,3,32,1.96875,0.086206897,,4月4日,0,TRUE,32,0,21,5,19,FALSE,TRUE
All_Falls_Down__Alan_Walker__m029-036__c002384.musicxml,Candidate\All_Falls_Down__Alan_Walker__m029-036__c002384.musicxml,TRUE,,All Falls Down,Alan Walker,2,16,8,52,6,4,0,0,F2,A4,28,1,0.026315789,11,3,32,1.625,0.130434783,,4月4日,0,TRUE,22,0,18,6,14,FALSE,TRUE
All_Falls_Down__Alan_Walker__m062-069__c002386.musicxml,Candidate\All_Falls_Down__Alan_Walker__m062-069__c002386.musicxml,TRUE,,All Falls Down,Alan Walker,2,16,8,62,8,4,0,0,F2,C5,31,2,0.047619048,15,4,32,1.9375,0.153846154,,4月4日,0,TRUE,26,0,18,8,14,FALSE,TRUE
Breetle__MidnightChipmunk__m011-018__c003220.musicxml,Candidate\Breetle__MidnightChipmunk__m011-018__c003220.musicxml,TRUE,,Breetle,,2,16,8,76,6,0,0,0,G2,F5,34,1,0.016666667,12,4,32,2.375,0.088235294,,4月4日,0,TRUE,38,0,24,6,12,FALSE,TRUE
Burgmueller_25_leichte_Etuden_Op100-01_MuseScore__Friedrich_Burgm_ller__m001-008__c000114.musicxml,Candidate\Burgmueller_25_leichte_Etuden_Op100-01_MuseScore__Friedrich_Burgm_ller__m001-008__c000114.musicxml,TRUE,,,Fricdrich Burgmiillcr,2,16,8,86,9,2,1,0.011627907,B2,C6,37,1,0.016666667,12,4,32,2.6875,0.128571429,152,4月4日,0,TRUE,61,0,0,9,0,FALSE,TRUE
Can_t_go_anywhere_else__Apple_Rumble__m013-020__c000815.musicxml,Candidate\Can_t_go_anywhere_else__Apple_Rumble__m013-020__c000815.musicxml,TRUE,,Can't go anywhere else,Apple Rumble,2,16,8,56,4,29,0,0,G2,A5,38,1,0.02173913,10,3,32,1.75,0.076923077,,4月4日,0,TRUE,31,0,17,4,24,FALSE,TRUE
Deck_The_Halls__Traditional__m005-012__c000658.musicxml,Candidate\Deck_The_Halls__Traditional__m005-012__c000658.musicxml,TRUE,,Deck The Halls,Traditional,2,16,8,65,1,0,1,0.015384615,D2,C6,46,2,0.033333333,12,4,32,2.03125,0.015873016,,4月4日,0,TRUE,36,0,26,1,17,FALSE,TRUE
Demons_Imagine_Dragons_Easy_version__Imagine_Dragons__m040-047__c002107.musicxml,Candidate\Demons_Imagine_Dragons_Easy_version__Imagine_Dragons__m040-047__c002107.musicxml,TRUE,,Demons,Imagine Dragons,2,16,8,72,8,2,0,0,F2,G5,38,1,0.018181818,12,3,32,2.25,0.125,,4月4日,0,TRUE,56,0,0,8,0,FALSE,TRUE
,,,,,,,,,,,,,,,,,,,,,,,,,4月4日,,,,,,,,,
,,,,,,,,,,,,,,,,,,,,,,,,,4月4日,,,,,,,,,
