"input_file","preview_file","success","error"
"C:\Users\86138\Desktop\ScoreSightDataset\Candidate\Adolgard_Anthem__Neyliece__m036-043__c000952.musicxml","C:\Users\86138\Desktop\ScoreSightDataset\candidate_previews\Adolgard_Anthem__Neyliece__m036-043__c000952_preview.png","True",""
"C:\Users\86138\Desktop\ScoreSightDataset\Candidate\Ah_vous_dirai-je_Maman_1_var__Mozart__m001-008__c003705.musicxml","C:\Users\86138\Desktop\ScoreSightDataset\candidate_previews\Ah_vous_dirai-je_Maman_1_var__Mozart__m001-008__c003705_preview.png","True",""
"C:\Users\86138\Desktop\ScoreSightDataset\Candidate\Alabaster__NA__m027-034__c003690.musicxml","C:\Users\86138\Desktop\ScoreSightDataset\candidate_previews\Alabaster__NA__m027-034__c003690_preview.png","True",""
"C:\Users\86138\Desktop\ScoreSightDataset\Candidate\Alabaster__NA__m034-041__c003691.musicxml","C:\Users\86138\Desktop\ScoreSightDataset\candidate_previews\Alabaster__NA__m034-041__c003691_preview.png","True",""
"C:\Users\86138\Desktop\ScoreSightDataset\Candidate\All_Falls_Down__Alan_Walker__m016-023__c002383.musicxml","C:\Users\86138\Desktop\ScoreSightDataset\candidate_previews\All_Falls_Down__Alan_Walker__m016-023__c002383_preview.png","True",""
"C:\Users\86138\Desktop\ScoreSightDataset\Candidate\All_Falls_Down__Alan_Walker__m029-036__c002384.musicxml","C:\Users\86138\Desktop\ScoreSightDataset\candidate_previews\All_Falls_Down__Alan_Walker__m029-036__c002384_preview.png","True",""
"C:\Users\86138\Desktop\ScoreSightDataset\Candidate\All_Falls_Down__Alan_Walker__m062-069__c002386.musicxml","C:\Users\86138\Desktop\ScoreSightDataset\candidate_previews\All_Falls_Down__Alan_Walker__m062-069__c002386_preview.png","True",""
"C:\Users\86138\Desktop\ScoreSightDataset\Candidate\As_A_Dear_2nd_edition__Darian__m014-021__c000721.musicxml","C:\Users\86138\Desktop\ScoreSightDataset\candidate_previews\As_A_Dear_2nd_edition__Darian__m014-021__c000721_preview.png","True",""
"C:\Users\86138\Desktop\ScoreSightDataset\Candidate\Breetle__MidnightChipmunk__m011-018__c003220.musicxml","C:\Users\86138\Desktop\ScoreSightDataset\candidate_previews\Breetle__MidnightChipmunk__m011-018__c003220_preview.png","True",""
"C:\Users\86138\Desktop\ScoreSightDataset\Candidate\Burgmueller_25_leichte_Etuden_Op100-01_MuseScore__Friedrich_Burgm_ller__m001-008__c000114.musicxml","C:\Users\86138\Desktop\ScoreSightDataset\candidate_previews\Burgmueller_25_leichte_Etuden_Op100-01_MuseScore__Friedrich_Burgm_ller__m001-008__c000114_preview.png","True",""
"C:\Users\86138\Desktop\ScoreSightDataset\Candidate\Can_t_go_anywhere_else__Apple_Rumble__m013-020__c000815.musicxml","C:\Users\86138\Desktop\ScoreSightDataset\candidate_previews\Can_t_go_anywhere_else__Apple_Rumble__m013-020__c000815_preview.png","True",""
"C:\Users\86138\Desktop\ScoreSightDataset\Candidate\Creeping_to_the_Dark__NA__m016-023__c003047.musicxml","C:\Users\86138\Desktop\ScoreSightDataset\candidate_previews\Creeping_to_the_Dark__NA__m016-023__c003047_preview.png","True",""
"C:\Users\86138\Desktop\ScoreSightDataset\Candidate\Dancing_While_Dead__NA__m004-011__c001256.musicxml","C:\Users\86138\Desktop\ScoreSightDataset\candidate_previews\Dancing_While_Dead__NA__m004-011__c001256_preview.png","True",""
"C:\Users\86138\Desktop\ScoreSightDataset\Candidate\Dancing_While_Dead__NA__m028-035__c001257.musicxml","C:\Users\86138\Desktop\ScoreSightDataset\candidate_previews\Dancing_While_Dead__NA__m028-035__c001257_preview.png","True",""
"C:\Users\86138\Desktop\ScoreSightDataset\Candidate\Deck_The_Halls__Traditional__m005-012__c000658.musicxml","C:\Users\86138\Desktop\ScoreSightDataset\candidate_previews\Deck_The_Halls__Traditional__m005-012__c000658_preview.png","True",""
"C:\Users\86138\Desktop\ScoreSightDataset\Candidate\Demons_Imagine_Dragons_Easy_version__Imagine_Dragons__m040-047__c002107.musicxml","C:\Users\86138\Desktop\ScoreSightDataset\candidate_previews\Demons_Imagine_Dragons_Easy_version__Imagine_Dragons__m040-047__c002107_preview.png","True",""
"C:\Users\86138\Desktop\ScoreSightDataset\Candidate\School_Of_Velocity_op._299_no.1_Czerny__Carl_Czerny__m008-015__c003789.musicxml","C:\Users\86138\Desktop\ScoreSightDataset\candidate_previews\School_Of_Velocity_op._299_no.1_Czerny__Carl_Czerny__m008-015__c003789_preview.png","True",""
